{"cameraMode":{"drawMode":0,"name":"Shaded","section":"Shading Mode"},"sceneLighting":true,"audioPlay":false,"sceneViewState":{"showFog":true,"showMaterialUpdate":false,"showSkybox":true,"showFlares":true,"showImageEffects":true,"showParticleSystems":true},"in2DMode":false,"pivot":{"x":30.003293991088868,"y":1.2565735578536988,"z":24.971084594726564},"rotation":{"x":-0.01311192475259304,"y":-0.9768854975700378,"z":0.2039400339126587,"w":-0.06281072646379471},"size":10.0,"orthographic":false}