{"cameraMode":{"drawMode":0,"name":"Shaded","section":"Shading Mode"},"sceneLighting":true,"audioPlay":false,"sceneViewState":{"showFog":true,"showMaterialUpdate":false,"showSkybox":true,"showFlares":true,"showImageEffects":true,"showParticleSystems":true},"in2DMode":false,"pivot":{"x":28.503585815429689,"y":-9.089462280273438,"z":26.01639747619629},"rotation":{"x":0.08494138717651367,"y":0.9070357084274292,"z":-0.3479589819908142,"w":0.22141890227794648},"size":16.48712730407715,"orthographic":false}