{"cameraMode":{"drawMode":0,"name":"Shaded","section":"Shading Mode"},"sceneLighting":true,"audioPlay":false,"sceneViewState":{"showFog":true,"showMaterialUpdate":false,"showSkybox":true,"showFlares":true,"showImageEffects":true,"showParticleSystems":true},"in2DMode":false,"pivot":{"x":33.31995391845703,"y":13.255875587463379,"z":15.712716102600098},"rotation":{"x":-0.20942537486553193,"y":0.6886652708053589,"z":-0.21893620491027833,"w":-0.6587479710578919},"size":10.0,"orthographic":false}