{"cameraMode":{"drawMode":0,"name":"Shaded","section":"Shading Mode"},"sceneLighting":true,"audioPlay":false,"sceneViewState":{"showFog":true,"showMaterialUpdate":false,"showSkybox":true,"showFlares":true,"showImageEffects":true,"showParticleSystems":true},"in2DMode":false,"pivot":{"x":-1.776375651359558,"y":5.198286533355713,"z":-21.787649154663087},"rotation":{"x":0.13545118272304536,"y":0.11563841998577118,"z":-0.015919599682092668,"w":0.9838849306106567},"size":10.0,"orthographic":false}