{"cameraMode":{"drawMode":0,"name":"Shaded","section":"Shading Mode"},"sceneLighting":true,"audioPlay":false,"sceneViewState":{"showFog":true,"showMaterialUpdate":false,"showSkybox":true,"showFlares":true,"showImageEffects":true,"showParticleSystems":true},"in2DMode":false,"pivot":{"x":24.742782592773439,"y":-2.6573328971862795,"z":33.81732940673828},"rotation":{"x":0.20042972266674043,"y":-0.6830992698669434,"z":0.20370137691497804,"w":0.6721096038818359},"size":10.0,"orthographic":false}