{"cameraMode":{"drawMode":0,"name":"Shaded","section":"Shading Mode"},"sceneLighting":true,"audioPlay":false,"sceneViewState":{"showFog":true,"showMaterialUpdate":false,"showSkybox":true,"showFlares":true,"showImageEffects":true,"showParticleSystems":true},"in2DMode":false,"pivot":{"x":25.49088478088379,"y":-2.999356746673584,"z":29.34858512878418},"rotation":{"x":-0.24195964634418488,"y":-0.31000015139579775,"z":0.08190593868494034,"w":-0.9157770276069641},"size":10.0,"orthographic":false}